candidate_id,ticker,approx_period,event_date,release_timing,event_type,fiscal_quarter,expected_pattern,why_selected,recall_confidence,source_url,verified,headline,release_time_et,timing_source_url,timing_notes,sample_role,analysis_scope
C01,INTC,2020-07,2020-07-23,amc,earnings,FY20Q2,divergent,Beat on the quarter but announced a 7nm process delay in the same release; results and stock direction split hard,high,https://www.intc.com/news-events/press-releases/detail/1402/intel-reports-second-quarter-2020-financial-results,TRUE,Intel reports Q2 results and delays 7nm products,16:00,https://www.intc.com/news-events/press-releases/detail/1402/intel-reports-second-quarter-2020-financial-results,"Issuer release footer; at-close minute classified amc, corroborated by announced after-close schedule.",divergence_candidate,eps_and_price
C02,NVDA,2023-05,2023-05-24,amc,guidance,FY24Q1,aligned,Company-wide revenue outlook substantially exceeded expectations; qualitative AI-demand and guidance case.,high,https://investor.nvidia.com/news/press-release-details/2023/NVIDIA-Announces-Financial-Results-for-First-Quarter-Fiscal-2024/default.aspx,TRUE,NVIDIA forecasts $11 billion in Q2 revenue,16:20,https://www.globenewswire.com/news-release/2023/05/24/2675692/0/en/NVIDIA-Announces-Financial-Results-for-First-Quarter-Fiscal-2024.html,Issuer-distributed release timestamp.,qualitative,qualitative
C03,NVDA,2023-08,2023-08-23,amc,earnings,FY24Q2,aligned,Large adjusted EPS beat with a muted positive next-session reaction; useful aligned comparison without treating magnitude disappointment as sign divergence.,high,https://investor.nvidia.com/news/press-release-details/2023/NVIDIA-Announces-Financial-Results-for-Second-Quarter-Fiscal-2024/default.aspx,TRUE,NVIDIA reports Q2 results and raises revenue outlook,16:20,https://www.globenewswire.com/news-release/2023/08/23/2730732/0/en/nvidia-announces-financial-results-for-second-quarter-fiscal-2024.html,Issuer-distributed release timestamp.,comparison,eps_and_price
C04,NVDA,2024-08,2024-08-28,amc,earnings,FY25Q2,divergent,Beat consensus and still sold off; good pairing with C03 to show the pattern is not a one off,medium,https://investor.nvidia.com/news/press-release-details/2024/NVIDIA-Announces-Financial-Results-for-Second-Quarter-Fiscal-2025/default.aspx,TRUE,NVIDIA reports FY25 Q2 results,16:20,https://www.globenewswire.com/news-release/2024/08/28/2937384/0/en/NVIDIA-Announces-Financial-Results-for-Second-Quarter-Fiscal-2025.html,Issuer-distributed release timestamp.,divergence_candidate,eps_and_price
C06,AVGO,2024-12,2024-12-12,amc,guidance,FY24Q4,aligned,Custom AI silicon guidance drove a very large single day gain; shows guidance can matter more than the reported quarter,medium,https://investors.broadcom.com/news-releases/news-release-details/broadcom-inc-announces-fourth-quarter-and-fiscal-year-2024,TRUE,Broadcom reports Q4 results and issues Q1 outlook,16:15,https://www.prnewswire.com/news-releases/broadcom-inc-announces-fourth-quarter-and-fiscal-year-2024-financial-results-and-quarterly-dividend-302330736.html,Issuer-distributed release timestamp.,qualitative,qualitative
C07,MU,2024-12,2024-12-18,amc,guidance,FY25Q1,divergent,"Reported quarter fine, forward guidance weak; separates the two halves of an earnings release",medium,https://investors.micron.com/news/press-release/2024/Micron-Technology-Inc--Reports-Results-for-the-First-Quarter-of-Fiscal-2025-12-18-2024/default.aspx,TRUE,Micron reports Q1 results and issues Q2 outlook,16:02,https://www.globenewswire.com/news-release/2024/12/18/2999383/14450/en/Micron-Technology-Inc-Reports-Results-for-the-First-Quarter-of-Fiscal-2025.html,Issuer-distributed release timestamp.,qualitative,qualitative
C09,NVDA,2025-02,2025-02-26,amc,earnings,FY25Q4,divergent,Beat and still fell; the size of the expectation bar is the story,medium,https://www.globenewswire.com/news-release/2025/02/26/3033384/0/en/nvidia-announces-financial-results-for-fourth-quarter-and-fiscal-2025.html,TRUE,NVIDIA reports FY25 Q4 results,16:20,https://www.globenewswire.com/news-release/2025/02/26/3033384/0/en/nvidia-announces-financial-results-for-fourth-quarter-and-fiscal-2025.html,Issuer-distributed release timestamp.,divergence_candidate,eps_and_price
C10,INTC,2024-01,2024-01-25,amc,guidance,FY23Q4,aligned,Adjusted EPS beat accompanied by weak forward guidance; qualitative outlook-driven decline.,medium,https://www.intc.com/news-events/press-releases/detail/1672/intel-reports-fourth-quarter-and-full-year-2023-financial,TRUE,Intel reports Q4 results and issues Q1 outlook,16:01,https://www.intc.com/news-events/press-releases/detail/1672/intel-reports-fourth-quarter-and-full-year-2023-financial,Issuer release footer.,qualitative,qualitative
C11,NVDA,2022-11,2022-11-16,amc,earnings,FY23Q3,aligned,"Adjusted EPS miss and reported next-session decline; conventional miss/down comparison, distinct from the initial after-hours rise.",medium,https://nvidianews.nvidia.com/news/nvidia-announces-financial-results-for-third-quarter-fiscal-2023,TRUE,NVIDIA reports FY23 Q3 results,16:20,https://www.globenewswire.com/news-release/2022/11/16/2557674/0/en/NVIDIA-Announces-Financial-Results-for-Third-Quarter-Fiscal-2023.html,Issuer-distributed release timestamp.,comparison,eps_and_price
C12,SOXX,2022-10,2022-10-07,intraday,macro,,macro,US export controls on advanced chips to China; policy shock with no earnings component,medium,https://www.govinfo.gov/content/pkg/FR-2022-10-13/pdf/2022-21658.pdf,TRUE,US publishes advanced-chip export-control rule for public inspection,11:15,https://www.govinfo.gov/content/pkg/FR-2022-10-13/pdf/2022-21658.pdf,"Public-inspection filing October 7 at 11:15 AM ET, final page; not the October 13 Federal Register publication date or a BIS webpage timestamp.",macro,macro_price
C13,SOXX,2022-09,2022-09-21,intraday,macro,,macro,Rate repricing during the hiking cycle; long duration tech valuation compression,medium,https://www.federalreserve.gov/newsevents/pressreleases/monetary20220921a.htm,TRUE,Federal Reserve raises target rate by 75 basis points,14:00,https://www.federalreserve.gov/newsevents/pressreleases/monetary20220921a.htm,Federal Reserve release explicitly specifies 2 PM EDT.,macro,macro_price
C16,AMD,2022-08,2022-08-02,amc,earnings,FY22Q2,divergent,Adjusted EPS beat accompanied by softer forward expectations and a reported next-session decline; test mechanical divergence separately from the outlook explanation.,medium,https://ir.amd.com/news-events/press-releases/detail/1084/amd-reports-second-quarter-2022-financial-results,TRUE,AMD reports Q2 results and issues Q3 outlook,16:05,https://www.globenewswire.com/news-release/2022/08/02/2490855/0/en/amd-reports-second-quarter-2022-financial-results.html,Issuer-distributed release timestamp.,divergence_candidate,eps_and_price
C18,MU,2023-09,2023-09-27,amc,earnings,FY23Q4,divergent,"Adjusted loss was smaller than consensus, followed by a reported decline; forward guidance may explain the sign mismatch.",low,https://investors.micron.com/news/press-release/2023/Micron-Technology-Inc--Reports-Results-for-the-Fourth-Quarter-and-Full-Year-of-Fiscal-2023-09-27-2023/default.aspx,TRUE,Micron reports FY23 Q4 loss and issues Q1 outlook,16:01,https://www.globenewswire.com/news-release/2023/09/27/2750739/14450/en/Micron-Technology-Inc-Reports-Results-for-the-Fourth-Quarter-and-Full-Year-of-Fiscal-2023.html,Issuer-distributed release timestamp.,divergence_candidate,eps_and_price
C19,TSM,2024-10,2024-10-17,bmo,earnings,FY24Q3,aligned,Foundry-level results and AI demand provide qualitative supply-chain context. Excluded from automatic EPS surprise/divergence because consensus accounting-basis reconciliation is unavailable.,medium,https://pr.tsmc.com/english/news/3180,TRUE,TSMC reports Q3 results,,https://www.fool.com/earnings/call-transcripts/2024/10/17/taiwan-semiconductor-manufacturing-tsm-q3-2024-ear/,Public earnings call at 02:00 ET establishes bmo; exact press-release publication minute is not asserted.,qualitative,qualitative
C22,INTC,2019-07,2019-07-25,amc,earnings,FY19Q2,divergent,Adjusted EPS beat and raised annual outlook followed by a reported next-session decline; concurrent modem-business sale complicates attribution.,medium,https://www.sec.gov/Archives/edgar/data/50863/000005086319000022/q2-2019earningsrelease.htm,TRUE,Intel reports Q2 results and raises full-year outlook,16:00,https://www.intc.com/news-events/press-releases/detail/1089/intel-reports-second-quarter-2019-financial-results,"Issuer release footer; at-close minute classified amc, corroborated by announced after-close schedule.",divergence_candidate,eps_and_price
C23,NVDA,2021-11,2021-11-17,amc,earnings,FY22Q3,aligned,Conventional EPS beat and positive reaction provides 2021 coverage; aligned comparison rather than a low-volatility control.,medium,https://nvidianews.nvidia.com/news/nvidia-announces-financial-results-for-third-quarter-fiscal-2022,TRUE,NVIDIA reports FY22 Q3 results,16:20,https://www.globenewswire.com/news-release/2021/11/17/2336830/0/en/nvidia-announces-financial-results-for-third-quarter-fiscal-2022.html,Issuer-distributed release timestamp.,comparison,eps_and_price
C25,TSM,2025-01,2025-01-16,bmo,earnings,FY24Q4,aligned,Foundry-level results and AI demand provide qualitative supply-chain context. Excluded from automatic EPS surprise/divergence because consensus accounting-basis reconciliation is unavailable.,low,https://pr.tsmc.com/english/news/3201,TRUE,TSMC reports Q4 results,,https://investor.tsmc.com/english/encrypt/files/encrypt_file/reports/2025-01/84aeb15bbe33894365d33f52e027c5268ba95dcf/TSMC%204Q24%20Transcript.pdf,Public earnings call at 06:00 GMT / 01:00 EST establishes bmo; exact press-release publication minute is not asserted.,qualitative,qualitative
C26,SOXX,2025-04,2025-04-02,amc,macro,,macro,Broad reciprocal-tariff announcement provides policy context despite the order exempting semiconductors.,low,https://www.whitehouse.gov/presidential-actions/2025/04/regulating-imports-with-a-reciprocal-tariff-to-rectify-trade-practices-that-contribute-to-large-and-persistent-annual-united-states-goods-trade-deficits/,TRUE,US announces reciprocal-tariff program,16:06,https://www.presidency.ucsb.edu/documents/remarks-announcing-additional-united-states-tariff-actions-foreign-imports,"Official remarks transcript gives April 2 speech start at 4:06 PM; transcript released April 3. This anchors announcement, not order webpage publication.",macro,macro_price
C27,NVDA,2023-11,2023-11-21,amc,earnings,FY24Q3,divergent,Adjusted EPS beat with a reported next-session decline; China export restrictions complicate interpretation.,high,https://investor.nvidia.com/news/press-release-details/2023/NVIDIA-Announces-Financial-Results-for-Third-Quarter-Fiscal-2024/default.aspx,TRUE,NVIDIA reports FY24 Q3 results,16:20,https://www.globenewswire.com/news-release/2023/11/21/2784434/0/en/nvidia-announces-financial-results-for-third-quarter-fiscal-2024.html,Issuer-distributed release timestamp.,divergence_candidate,eps_and_price
C28,MU,2024-06,2024-06-26,amc,earnings,FY24Q3,divergent,Adjusted EPS beat with a reported next-session decline; forward expectations require qualitative review.,high,https://investors.micron.com/news/press-release/2024/Micron-Technology-Inc--Reports-Results-for-the-Third-Quarter-of-Fiscal-2024-06-26-2024/default.aspx,TRUE,Micron reports FY24 Q3 results,16:04,https://www.globenewswire.com/news-release/2024/06/26/2904816/14450/en/Micron-Technology-Inc-Reports-Results-for-the-Third-Quarter-of-Fiscal-2024.html,Issuer-distributed release timestamp; earliest publication minute is not asserted.,divergence_candidate,eps_and_price
