candidate_id,ticker,event_date,release_timing,event_type,analysis_scope,sample_role,reaction_date,previous_close_date,fifth_session,previous_close,reaction_close,fifth_close,forward_count,reaction_volume,prior_volume_avg,prior_volume_count,benchmark,benchmark_previous_close,benchmark_reaction_close,benchmark_fifth_close,benchmark_forward_count,actual_eps,consensus_eps,eps_eligible,eps_surprise_pct,eps_difference,return_1d_pct,return_5d_pct,benchmark_return_1d_pct,benchmark_return_5d_pct,volume_ratio_60d,excess_return_1d_pp,excess_return_5d_pp,calculated_pattern
C01,INTC,2020-07-23,amc,earnings,eps_and_price,divergence_candidate,2020-07-24,2020-07-23,2020-07-30,53.843162536621094,45.098106384277344,42.780357360839844,5,182269900,22438015.000000000000,60,SOXX,89.38617706298828,87.98257446289062,92.59033966064453,5,1.23,1.11,t,10.8108108108108108,0.12,-16.24172084319128569500,-20.54635102137054352800,-1.57026807300257974900,3.5846287456709900,8.1232631317877272,-14.67145277018870594600,-24.13097976704153352800,divergent
C02,NVDA,2023-05-24,amc,guidance,qualitative,qualitative,2023-05-25,2023-05-24,2023-06-01,30.47547149658203,37.9022331237793,39.688568115234375,5,1543911000,436895183.33333333,60,SOXX,140.6161346435547,149.981201171875,158.22703552246094,5,,,f,,,24.3696365059691300,30.2311864795451600,6.6600227292974900,12.5240968424767100,3.5338247224896925,17.7096137766716400,17.7070896370684500,
C03,NVDA,2023-08-23,amc,earnings,eps_and_price,comparison,2023-08-24,2023-08-23,2023-08-30,47.02439880371094,47.0713005065918,49.168212890625,5,1156044000,501004633.33333333,60,SOXX,163.42724609375,158.0260467529297,165.71446228027344,5,2.70,2.09,t,29.1866028708133971,0.61,0.09973908029454433500,4.5589399151337600,-3.30495646834916578800,1.3995317434471000,2.3074517141857437,3.40469554864371012300,3.1594081716866600,aligned
C04,NVDA,2024-08-28,amc,earnings,eps_and_price,divergence_candidate,2024-08-29,2024-08-28,2024-09-05,125.40330505371094,117.39649963378906,107.03358459472656,5,453023300,345163603.33333333,60,SOXX,223.17674255371094,222.53456115722656,210.4816436767578,5,0.68,0.64,t,6.2500000000000000,0.04,-6.38484401706360152200,-14.64851380999609662300,-0.28774566253462952100,-5.68836104142790228900,1.3124886159057269,-6.09709835452897200100,-8.96015276856819433400,divergent
C06,AVGO,2024-12-12,amc,guidance,qualitative,qualitative,2024-12-13,2024-12-12,2024-12-19,177.9083251953125,221.37600708007812,214.99472045898438,5,121336600,22060246.666666666667,60,SOXX,215.14369201660156,221.14520263671875,210.25550842285156,5,,,f,,,24.4326294663533300,20.8457896632759900,2.7895359440304100,-2.27205527056438325900,5.5002376824435629,21.6430935223229200,23.11784493384037325900,
C07,MU,2024-12-18,amc,guidance,qualitative,qualitative,2024-12-19,2024-12-18,2024-12-26,103.36690521240234,86.64314270019531,89.3591537475586,5,91396800,22194213.333333333333,60,SOXX,213.84622192382812,210.25550842285156,221.72198486328125,5,,,f,,,-16.17902991082338382900,-13.55148578363651992000,-1.67911009541032234200,3.6829095546324300,4.1180463856644915,-14.49991981541306148700,-17.23439533826894992000,
C09,NVDA,2025-02-26,amc,earnings,eps_and_price,divergence_candidate,2025-02-27,2025-02-26,2025-03-05,131.08421325683594,119.97081756591797,117.12507629394531,5,443175800,238757560.00000000,60,SOXX,216.17723083496094,203.58985900878906,204.95867919921875,5,0.89,0.84,t,5.9523809523809524,0.05,-8.47805804741969188900,-10.64898405084082223700,-5.82270934711973657100,-5.18951583957836806600,1.8561749416437327,-2.65534870029995531800,-5.45946821126245417100,divergent
C10,INTC,2024-01-25,amc,guidance,qualitative,qualitative,2024-01-26,2024-01-25,2024-02-01,48.89515686035156,43.07312774658203,42.78696060180664,5,127665300,40652713.333333333333,60,SOXX,201.84423828125,196.40328979492188,193.50540161132812,5,,,f,,,-11.90716931412594952000,-12.49243616497726394900,-2.69561743880283367500,-4.13132261833629114300,3.1403881692521713,-9.21155187532311584500,-8.36111354664097280600,
C11,NVDA,2022-11-16,amc,earnings,eps_and_price,comparison,2022-11-17,2022-11-16,2022-11-23,15.870665550231934,15.638242721557617,16.478158950805664,5,710894000,601663183.33333333,60,SOXX,119.76407623291016,120.70210266113281,123.9901123046875,5,0.58,0.70,t,-17.1428571428571429,-0.12,-1.46448066679169842000,3.8277752035726800,0.7832285420867200,3.5286341319568900,1.1815481147799443,-2.24770920887841842000,0.2991410716157900,aligned
C12,SOXX,2022-10-07,intraday,macro,macro_price,macro,2022-10-07,2022-10-06,2022-10-13,112.51615905761719,105.76485443115234,101.16230010986328,5,3969000,2934100.000000000000,60,SPY,355.2166748046875,345.30828857421875,348.3350830078125,5,,,f,,,-6.00029780878642241200,-10.09086965183359526200,-2.78939220291862189400,-1.93729413199951201700,1.3527146314031560,-3.21090560586780051800,-8.15357551983408324500,
C13,SOXX,2022-09-21,intraday,macro,macro_price,macro,2022-09-21,2022-09-20,2022-09-27,113.40982055664062,112.26377868652344,107.11836242675781,5,3535200,2927935.000000000000,60,SPY,365.5818786621094,359.20477294921875,345.86993408203125,5,,,f,,,-1.01053142002354967000,-5.54754261932779222200,-1.74437139396198490700,-5.39193699978138092600,1.2074038528860784,0.73383997393843523700,-0.15560561954641129600,
C16,AMD,2022-08-02,amc,earnings,eps_and_price,divergence_candidate,2022-08-03,2022-08-02,2022-08-09,99.29000091552734,98.08999633789062,95.54000091552734,5,131142000,102876321.66666667,60,SOXX,131.7529754638672,135.41383361816406,127.17526245117188,5,1.05,1.03,t,1.9417475728155340,0.02,-1.20858552379070309400,-3.77681535443873788800,2.7785772134617500,-3.47446651324450887700,1.27475397521421875375,-3.98716273725245309400,-0.30234884119422901100,divergent
C18,MU,2023-09-27,amc,earnings,eps_and_price,divergence_candidate,2023-09-28,2023-09-27,2023-10-04,67.45614624023438,64.47941589355469,67.35726928710938,5,46749800,13051806.666666666667,60,SOXX,151.9420166015625,154.7554931640625,154.89979553222656,5,-1.07,-1.18,t,9.3220338983050847,0.11,-4.41283783997760022400,-0.14657960561942775900,1.8516777817144400,1.9466497791853300,3.5818642731964055,-6.26451562169204022400,-2.09322938480475775900,divergent
C19,TSM,2024-10-17,bmo,earnings,qualitative,qualitative,2024-10-17,2024-10-16,2024-10-23,183.4541015625,201.41983032226562,196.54676818847656,5,62274700,14453093.333333333333,60,SOXX,225.16604614257812,226.93875122070312,223.85874938964844,5,,,f,,,9.7930373901425000,7.1367532884055400,0.7872879186245100,-0.58059231190740117000,4.3087454404224424,9.0057494715179900,7.71734560031294117000,
C22,INTC,2019-07-25,amc,earnings,eps_and_price,divergence_candidate,2019-07-26,2019-07-25,2019-08-01,45.45120620727539,44.95451354980469,43.133331298828125,5,36401500,23099756.666666666667,60,SOXX,67.8935317993164,67.87474822998047,64.35679626464844,5,1.06,0.89,t,19.1011235955056180,0.17,-1.09280412758593464500,-5.09969944004751622400,-0.02766621331683193700,-5.20923781829769290300,1.5758391105707174,-1.06513791426910270800,0.10953837825017667900,divergent
C23,NVDA,2021-11-17,amc,earnings,eps_and_price,comparison,2021-11-18,2021-11-17,2021-11-24,29.1652774810791,31.571386337280273,32.567108154296875,5,781711000,296611500.00000000,60,SOXX,169.35984802246094,172.19219970703125,171.34762573242188,5,1.17,1.11,t,5.4054054054054054,0.06,8.2499090151366800,11.6639749970652700,1.6723867656014200,1.1737006930339900,2.6354709780301843,6.5775222495352600,10.4902743040312800,aligned
C25,TSM,2025-01-16,bmo,earnings,qualitative,qualitative,2025-01-16,2025-01-15,2025-01-23,203.00181579589844,210.84506225585938,220.49452209472656,5,38539600,13091098.333333333333,60,SOXX,221.4045867919922,221.73191833496094,233.46621704101562,5,,,f,,,3.8636336474185400,8.6170196213493900,0.14784316247082329400,5.4477779452488100,2.9439546643590766,3.71579048494771670600,3.1692416761005800,
C26,SOXX,2025-04-02,amc,macro,macro_price,macro,2025-04-03,2025-04-02,2025-04-09,188.18765258789062,169.1980743408203,182.36761474609375,5,9982600,3550371.666666666667,60,SPY,556.6878051757812,529.2537231445312,541.0084228515625,5,,,f,,,-10.09076737284954547900,-3.09267784669278249600,-4.92809107298252067400,-2.81654855350526982600,2.8117056289411954,-5.16267629986702480500,-0.27612929318751267000,
C27,NVDA,2023-11-21,amc,earnings,eps_and_price,divergence_candidate,2023-11-22,2023-11-21,2023-11-29,49.85099411010742,48.62528610229492,48.05036163330078,5,899420000,448844916.66666667,60,SOXX,168.36062622070312,168.89842224121094,169.6165313720703,5,4.02,3.36,t,19.6428571428571429,0.66,-2.45874336047389771500,-3.61202922619662871600,0.31943099320789281900,0.7459613209806100,2.0038547092824749,-2.77817435368179053400,-4.35799054717723871600,divergent
C28,MU,2024-06-26,amc,earnings,eps_and_price,divergence_candidate,2024-06-27,2024-06-26,2024-07-03,141.34664916992188,131.28875732421875,135.84609985351562,5,68172700,21026480.000000000000,60,SOXX,242.46139526367188,241.21661376953125,251.19482421875,5,0.62,0.48,t,29.1666666666666667,0.14,-7.11576249226247492900,-3.89153145738438877800,-0.51339368594615040300,3.6019874197212700,3.2422307490364531,-6.60236880631632452600,-7.49351887710565877800,divergent
